image_id,file_path,source_type,generator,model,prompt,negative_prompt,primary_scene,secondary_scenes,quality_tags,split,source_image_id,notes
breakfast_qwenplus20260109_normal_0001,/Volumes/AI作品素材/SnapCopy_ML_Dataset/synthetic_pilot/qwen_plus_20260109_images/breakfast/breakfast_qwenplus20260109_normal_0001.jpg,synthetic,dashscope,qwen-image-plus-2026-01-09,"Realistic smartphone lifestyle photo for SnapCopy scene classification. Primary scene: breakfast. Visual anchor: a casual morning breakfast table with eggs, toast, fruit, coffee or tea, ordinary home light. Quality condition: clear realistic smartphone photo, natural lighting, no text overlay, no watermark. prioritize beautiful but still realistic phone-photo aesthetics. Shot should look like a real user photo, not stock photography. Use natural imperfections, plausible lighting, and ordinary objects.

Generator: DashScope Qwen image model.
Scene label: breakfast.
Quality tags: normal.
Dataset purpose: lightweight iOS scene classifier training for real-life social caption photos.
Important style rule: ordinary phone camera roll photo, not stock photography, not advertisement.
Keep the sce…","commercial studio photo, perfect advertising composition, glossy render, 3d render, cartoon, anime, illustration, fake UI, unreadable gibberish text, watermark, logo, distorted hands, extra limbs, duplicate faces, unnatural skin, extreme blur, extreme noise, watermark, logo, text overlay, poster design, commercial studio photo, glossy render, 3d render, cartoon, anime, illustration, unrealistic AI artifacts, distorted hands, duplicate faces, malformed limbs, low quality",breakfast,,normal,pilot_review,breakfast_flux_normal_0001,Qwen pilot variant. 精品正常样本，优先看是否像真实手机照片
cafe_qwenplus20260109_normal_0001,/Volumes/AI作品素材/SnapCopy_ML_Dataset/synthetic_pilot/qwen_plus_20260109_images/cafe/cafe_qwenplus20260109_normal_0001.jpg,synthetic,dashscope,qwen-image-plus-2026-01-09,"Realistic smartphone lifestyle photo for SnapCopy scene classification. Primary scene: cafe. Visual anchor: a realistic coffee shop moment with coffee cup, small table, warm interior, people nearby but not posed. Quality condition: clear realistic smartphone photo, natural lighting, no text overlay, no watermark. prioritize beautiful but still realistic phone-photo aesthetics. Shot should look like a real user photo, not stock photography. Use natural imperfections, plausible lighting, and ordinary objects.

Generator: DashScope Qwen image model.
Scene label: cafe.
Quality tags: normal.
Dataset purpose: lightweight iOS scene classifier training for real-life social caption photos.
Important style rule: ordinary phone camera roll photo, not stock photography, not advertisement.
Keep the sc…","commercial studio photo, perfect advertising composition, glossy render, 3d render, cartoon, anime, illustration, fake UI, unreadable gibberish text, watermark, logo, distorted hands, extra limbs, duplicate faces, unnatural skin, extreme blur, extreme noise, watermark, logo, text overlay, poster design, commercial studio photo, glossy render, 3d render, cartoon, anime, illustration, unrealistic AI artifacts, distorted hands, duplicate faces, malformed limbs, low quality",cafe,,normal,pilot_review,cafe_flux_normal_0001,Qwen pilot variant. 精品正常样本，优先看是否像真实手机照片
walking_qwenplus20260109_normal_0001,/Volumes/AI作品素材/SnapCopy_ML_Dataset/synthetic_pilot/qwen_plus_20260109_images/walking/walking_qwenplus20260109_normal_0001.jpg,synthetic,dashscope,qwen-image-plus-2026-01-09,"Realistic smartphone lifestyle photo for SnapCopy scene classification. Primary scene: walking. Visual anchor: a first-person or over-the-shoulder daily walking snapshot with sidewalk, trees, path, shoes or hand details. Quality condition: clear realistic smartphone photo, natural lighting, no text overlay, no watermark. prioritize beautiful but still realistic phone-photo aesthetics. Shot should look like a real user photo, not stock photography. Use natural imperfections, plausible lighting, and ordinary objects.

Generator: DashScope Qwen image model.
Scene label: walking.
Quality tags: normal.
Dataset purpose: lightweight iOS scene classifier training for real-life social caption photos.
Important style rule: ordinary phone camera roll photo, not stock photography, not advertisement.…","commercial studio photo, perfect advertising composition, glossy render, 3d render, cartoon, anime, illustration, fake UI, unreadable gibberish text, watermark, logo, distorted hands, extra limbs, duplicate faces, unnatural skin, extreme blur, extreme noise, watermark, logo, text overlay, poster design, commercial studio photo, glossy render, 3d render, cartoon, anime, illustration, unrealistic AI artifacts, distorted hands, duplicate faces, malformed limbs, low quality",walking,,normal,pilot_review,walking_flux_normal_0001,Qwen pilot variant. 精品正常样本，优先看是否像真实手机照片
street_qwenplus20260109_normal_0001,/Volumes/AI作品素材/SnapCopy_ML_Dataset/synthetic_pilot/qwen_plus_20260109_images/street/street_qwenplus20260109_normal_0001.jpg,synthetic,dashscope,qwen-image-plus-2026-01-09,"Realistic smartphone lifestyle photo for SnapCopy scene classification. Primary scene: street. Visual anchor: a city street scene with road, buildings, crosswalks, parked cars, storefronts or urban space as the subject. Quality condition: clear realistic smartphone photo, natural lighting, no text overlay, no watermark. prioritize beautiful but still realistic phone-photo aesthetics. Shot should look like a real user photo, not stock photography. Use natural imperfections, plausible lighting, and ordinary objects.

Generator: DashScope Qwen image model.
Scene label: street.
Quality tags: normal.
Dataset purpose: lightweight iOS scene classifier training for real-life social caption photos.
Important style rule: ordinary phone camera roll photo, not stock photography, not advertisement.
Ke…","commercial studio photo, perfect advertising composition, glossy render, 3d render, cartoon, anime, illustration, fake UI, unreadable gibberish text, watermark, logo, distorted hands, extra limbs, duplicate faces, unnatural skin, extreme blur, extreme noise, watermark, logo, text overlay, poster design, commercial studio photo, glossy render, 3d render, cartoon, anime, illustration, unrealistic AI artifacts, distorted hands, duplicate faces, malformed limbs, low quality",street,,normal,pilot_review,street_flux_normal_0001,Qwen pilot variant. 精品正常样本，优先看是否像真实手机照片
travel_qwenplus20260109_normal_0001,/Volumes/AI作品素材/SnapCopy_ML_Dataset/synthetic_pilot/qwen_plus_20260109_images/travel/travel_qwenplus20260109_normal_0001.jpg,synthetic,dashscope,qwen-image-plus-2026-01-09,"Realistic smartphone lifestyle photo for SnapCopy scene classification. Primary scene: travel. Visual anchor: a travel moment with station, airport, hotel room, landmark, scenic overlook, luggage, ticket or tourist viewpoint. Quality condition: clear realistic smartphone photo, natural lighting, no text overlay, no watermark. prioritize beautiful but still realistic phone-photo aesthetics. Shot should look like a real user photo, not stock photography. Use natural imperfections, plausible lighting, and ordinary objects.

Generator: DashScope Qwen image model.
Scene label: travel.
Quality tags: normal.
Dataset purpose: lightweight iOS scene classifier training for real-life social caption photos.
Important style rule: ordinary phone camera roll photo, not stock photography, not advertiseme…","commercial studio photo, perfect advertising composition, glossy render, 3d render, cartoon, anime, illustration, fake UI, unreadable gibberish text, watermark, logo, distorted hands, extra limbs, duplicate faces, unnatural skin, extreme blur, extreme noise, watermark, logo, text overlay, poster design, commercial studio photo, glossy render, 3d render, cartoon, anime, illustration, unrealistic AI artifacts, distorted hands, duplicate faces, malformed limbs, low quality",travel,,normal,pilot_review,travel_flux_normal_0001,Qwen pilot variant. 精品正常样本，优先看是否像真实手机照片
pet_qwenplus20260109_normal_0001,/Volumes/AI作品素材/SnapCopy_ML_Dataset/synthetic_pilot/qwen_plus_20260109_images/pet/pet_qwenplus20260109_normal_0001.jpg,synthetic,dashscope,qwen-image-plus-2026-01-09,"Realistic smartphone lifestyle photo for SnapCopy scene classification. Primary scene: pet. Visual anchor: a cat or dog as the clear subject in a real home or outdoor daily setting. Quality condition: clear realistic smartphone photo, natural lighting, no text overlay, no watermark. prioritize beautiful but still realistic phone-photo aesthetics. Shot should look like a real user photo, not stock photography. Use natural imperfections, plausible lighting, and ordinary objects.

Generator: DashScope Qwen image model.
Scene label: pet.
Quality tags: normal.
Dataset purpose: lightweight iOS scene classifier training for real-life social caption photos.
Important style rule: ordinary phone camera roll photo, not stock photography, not advertisement.
Keep the scene clear enough for classificat…","commercial studio photo, perfect advertising composition, glossy render, 3d render, cartoon, anime, illustration, fake UI, unreadable gibberish text, watermark, logo, distorted hands, extra limbs, duplicate faces, unnatural skin, extreme blur, extreme noise, watermark, logo, text overlay, poster design, commercial studio photo, glossy render, 3d render, cartoon, anime, illustration, unrealistic AI artifacts, distorted hands, duplicate faces, malformed limbs, low quality",pet,,normal,pilot_review,pet_flux_normal_0001,Qwen pilot variant. 精品正常样本，优先看是否像真实手机照片
outfit_qwenplus20260109_normal_0001,/Volumes/AI作品素材/SnapCopy_ML_Dataset/synthetic_pilot/qwen_plus_20260109_images/outfit/outfit_qwenplus20260109_normal_0001.jpg,synthetic,dashscope,qwen-image-plus-2026-01-09,"Realistic smartphone lifestyle photo for SnapCopy scene classification. Primary scene: outfit. Visual anchor: a mirror selfie or flat lay outfit photo where clothing and styling are the main subject. Quality condition: clear realistic smartphone photo, natural lighting, no text overlay, no watermark. prioritize beautiful but still realistic phone-photo aesthetics. Shot should look like a real user photo, not stock photography. Use natural imperfections, plausible lighting, and ordinary objects.

Generator: DashScope Qwen image model.
Scene label: outfit.
Quality tags: normal.
Dataset purpose: lightweight iOS scene classifier training for real-life social caption photos.
Important style rule: ordinary phone camera roll photo, not stock photography, not advertisement.
Keep the scene clear e…","commercial studio photo, perfect advertising composition, glossy render, 3d render, cartoon, anime, illustration, fake UI, unreadable gibberish text, watermark, logo, distorted hands, extra limbs, duplicate faces, unnatural skin, extreme blur, extreme noise, watermark, logo, text overlay, poster design, commercial studio photo, glossy render, 3d render, cartoon, anime, illustration, unrealistic AI artifacts, distorted hands, duplicate faces, malformed limbs, low quality",outfit,,normal,pilot_review,outfit_flux_normal_0001,Qwen pilot variant. 精品正常样本，优先看是否像真实手机照片
fitness_qwenplus20260109_normal_0001,/Volumes/AI作品素材/SnapCopy_ML_Dataset/synthetic_pilot/qwen_plus_20260109_images/fitness/fitness_qwenplus20260109_normal_0001.jpg,synthetic,dashscope,qwen-image-plus-2026-01-09,"Realistic smartphone lifestyle photo for SnapCopy scene classification. Primary scene: fitness. Visual anchor: a gym, running, yoga, workout gear or exercise record with realistic daily photo composition. Quality condition: clear realistic smartphone photo, natural lighting, no text overlay, no watermark. prioritize beautiful but still realistic phone-photo aesthetics. Shot should look like a real user photo, not stock photography. Use natural imperfections, plausible lighting, and ordinary objects.

Generator: DashScope Qwen image model.
Scene label: fitness.
Quality tags: normal.
Dataset purpose: lightweight iOS scene classifier training for real-life social caption photos.
Important style rule: ordinary phone camera roll photo, not stock photography, not advertisement.
Keep the scene c…","commercial studio photo, perfect advertising composition, glossy render, 3d render, cartoon, anime, illustration, fake UI, unreadable gibberish text, watermark, logo, distorted hands, extra limbs, duplicate faces, unnatural skin, extreme blur, extreme noise, watermark, logo, text overlay, poster design, commercial studio photo, glossy render, 3d render, cartoon, anime, illustration, unrealistic AI artifacts, distorted hands, duplicate faces, malformed limbs, low quality",fitness,,normal,pilot_review,fitness_flux_normal_0001,Qwen pilot variant. 精品正常样本，优先看是否像真实手机照片
sunset_qwenplus20260109_normal_0001,/Volumes/AI作品素材/SnapCopy_ML_Dataset/synthetic_pilot/qwen_plus_20260109_images/sunset/sunset_qwenplus20260109_normal_0001.jpg,synthetic,dashscope,qwen-image-plus-2026-01-09,"Realistic smartphone lifestyle photo for SnapCopy scene classification. Primary scene: sunset. Visual anchor: sunset or dusk sky as the main subject, with warm horizon light, clouds, city or water silhouettes. Quality condition: clear realistic smartphone photo, natural lighting, no text overlay, no watermark. prioritize beautiful but still realistic phone-photo aesthetics. Shot should look like a real user photo, not stock photography. Use natural imperfections, plausible lighting, and ordinary objects.

Generator: DashScope Qwen image model.
Scene label: sunset.
Quality tags: normal.
Dataset purpose: lightweight iOS scene classifier training for real-life social caption photos.
Important style rule: ordinary phone camera roll photo, not stock photography, not advertisement.
Keep the sce…","commercial studio photo, perfect advertising composition, glossy render, 3d render, cartoon, anime, illustration, fake UI, unreadable gibberish text, watermark, logo, distorted hands, extra limbs, duplicate faces, unnatural skin, extreme blur, extreme noise, watermark, logo, text overlay, poster design, commercial studio photo, glossy render, 3d render, cartoon, anime, illustration, unrealistic AI artifacts, distorted hands, duplicate faces, malformed limbs, low quality",sunset,,normal,pilot_review,sunset_flux_normal_0001,Qwen pilot variant. 精品正常样本，优先看是否像真实手机照片
home_qwenplus20260109_normal_0001,/Volumes/AI作品素材/SnapCopy_ML_Dataset/synthetic_pilot/qwen_plus_20260109_images/home/home_qwenplus20260109_normal_0001.jpg,synthetic,dashscope,qwen-image-plus-2026-01-09,"Realistic smartphone lifestyle photo for SnapCopy scene classification. Primary scene: home. Visual anchor: a quiet home corner with sofa, bed, shelf, kitchen sink, table, plants, laundry or daily living objects. Quality condition: clear realistic smartphone photo, natural lighting, no text overlay, no watermark. prioritize beautiful but still realistic phone-photo aesthetics. Shot should look like a real user photo, not stock photography. Use natural imperfections, plausible lighting, and ordinary objects.

Generator: DashScope Qwen image model.
Scene label: home.
Quality tags: normal.
Dataset purpose: lightweight iOS scene classifier training for real-life social caption photos.
Important style rule: ordinary phone camera roll photo, not stock photography, not advertisement.
Keep the sc…","commercial studio photo, perfect advertising composition, glossy render, 3d render, cartoon, anime, illustration, fake UI, unreadable gibberish text, watermark, logo, distorted hands, extra limbs, duplicate faces, unnatural skin, extreme blur, extreme noise, watermark, logo, text overlay, poster design, commercial studio photo, glossy render, 3d render, cartoon, anime, illustration, unrealistic AI artifacts, distorted hands, duplicate faces, malformed limbs, low quality",home,,normal,pilot_review,home_flux_normal_0001,Qwen pilot variant. 精品正常样本，优先看是否像真实手机照片
work_qwenplus20260109_normal_0001,/Volumes/AI作品素材/SnapCopy_ML_Dataset/synthetic_pilot/qwen_plus_20260109_images/work/work_qwenplus20260109_normal_0001.jpg,synthetic,dashscope,qwen-image-plus-2026-01-09,"Realistic smartphone lifestyle photo for SnapCopy scene classification. Primary scene: work. Visual anchor: a work desk or office setup with laptop, monitor, keyboard, notebook, cables, coffee and realistic clutter. Quality condition: clear realistic smartphone photo, natural lighting, no text overlay, no watermark. prioritize beautiful but still realistic phone-photo aesthetics. Shot should look like a real user photo, not stock photography. Use natural imperfections, plausible lighting, and ordinary objects.

Generator: DashScope Qwen image model.
Scene label: work.
Quality tags: normal.
Dataset purpose: lightweight iOS scene classifier training for real-life social caption photos.
Important style rule: ordinary phone camera roll photo, not stock photography, not advertisement.
Keep the…","commercial studio photo, perfect advertising composition, glossy render, 3d render, cartoon, anime, illustration, fake UI, unreadable gibberish text, watermark, logo, distorted hands, extra limbs, duplicate faces, unnatural skin, extreme blur, extreme noise, watermark, logo, text overlay, poster design, commercial studio photo, glossy render, 3d render, cartoon, anime, illustration, unrealistic AI artifacts, distorted hands, duplicate faces, malformed limbs, low quality",work,,normal,pilot_review,work_flux_normal_0001,Qwen pilot variant. 精品正常样本，优先看是否像真实手机照片
food_qwenplus20260109_normal_0001,/Volumes/AI作品素材/SnapCopy_ML_Dataset/synthetic_pilot/qwen_plus_20260109_images/food/food_qwenplus20260109_normal_0001.jpg,synthetic,dashscope,qwen-image-plus-2026-01-09,"Realistic smartphone lifestyle photo for SnapCopy scene classification. Primary scene: food. Visual anchor: a non-breakfast meal, restaurant dish, dinner, dessert or takeout food as the main subject. Quality condition: clear realistic smartphone photo, natural lighting, no text overlay, no watermark. prioritize beautiful but still realistic phone-photo aesthetics. Shot should look like a real user photo, not stock photography. Use natural imperfections, plausible lighting, and ordinary objects.

Generator: DashScope Qwen image model.
Scene label: food.
Quality tags: normal.
Dataset purpose: lightweight iOS scene classifier training for real-life social caption photos.
Important style rule: ordinary phone camera roll photo, not stock photography, not advertisement.
Keep the scene clear eno…","commercial studio photo, perfect advertising composition, glossy render, 3d render, cartoon, anime, illustration, fake UI, unreadable gibberish text, watermark, logo, distorted hands, extra limbs, duplicate faces, unnatural skin, extreme blur, extreme noise, watermark, logo, text overlay, poster design, commercial studio photo, glossy render, 3d render, cartoon, anime, illustration, unrealistic AI artifacts, distorted hands, duplicate faces, malformed limbs, low quality",food,,normal,pilot_review,food_flux_normal_0001,Qwen pilot variant. 精品正常样本，优先看是否像真实手机照片
unknown_qwenplus20260109_normal_0001,/Volumes/AI作品素材/SnapCopy_ML_Dataset/synthetic_pilot/qwen_plus_20260109_images/unknown/unknown_qwenplus20260109_normal_0001.jpg,synthetic,dashscope,qwen-image-plus-2026-01-09,"Realistic smartphone lifestyle photo for SnapCopy scene classification. Primary scene: unknown. Visual anchor: an ambiguous real phone photo with unclear subject, mixed objects, partial scene, screenshot-like framing or motion blur. Quality condition: clear realistic smartphone photo, natural lighting, no text overlay, no watermark. prioritize beautiful but still realistic phone-photo aesthetics. Shot should look like a real user photo, not stock photography. Use natural imperfections, plausible lighting, and ordinary objects.

Generator: DashScope Qwen image model.
Scene label: unknown.
Quality tags: normal.
Dataset purpose: lightweight iOS scene classifier training for real-life social caption photos.
Important style rule: ordinary phone camera roll photo, not stock photography, not adv…","commercial studio photo, perfect advertising composition, glossy render, 3d render, cartoon, anime, illustration, fake UI, unreadable gibberish text, watermark, logo, distorted hands, extra limbs, duplicate faces, unnatural skin, extreme blur, extreme noise, watermark, logo, text overlay, poster design, commercial studio photo, glossy render, 3d render, cartoon, anime, illustration, unrealistic AI artifacts, distorted hands, duplicate faces, malformed limbs, low quality",unknown,,normal,pilot_review,unknown_flux_normal_0001,Qwen pilot variant. 精品正常样本，优先看是否像真实手机照片
breakfast_qwenplus20260109_low_light_0002,/Volumes/AI作品素材/SnapCopy_ML_Dataset/synthetic_pilot/qwen_plus_20260109_images/breakfast/breakfast_qwenplus20260109_low_light_0002.jpg,synthetic,dashscope,qwen-image-plus-2026-01-09,"Realistic smartphone lifestyle photo for SnapCopy scene classification. Primary scene: breakfast. Visual anchor: a casual morning breakfast table with eggs, toast, fruit, coffee or tea, ordinary home light. Quality condition: low light indoor or evening photo, visible but dim, realistic phone noise, not too dark. prioritize natural phone realism and diverse casual details. Shot should look like a real user photo, not stock photography. Use natural imperfections, plausible lighting, and ordinary objects.

Generator: DashScope Qwen image model.
Scene label: breakfast.
Quality tags: low_light.
Dataset purpose: lightweight iOS scene classifier training for real-life social caption photos.
Important style rule: ordinary phone camera roll photo, not stock photography, not advertisement.
Keep th…","commercial studio photo, perfect advertising composition, glossy render, 3d render, cartoon, anime, illustration, fake UI, unreadable gibberish text, watermark, logo, distorted hands, extra limbs, duplicate faces, unnatural skin, extreme blur, extreme noise, watermark, logo, text overlay, poster design, commercial studio photo, glossy render, 3d render, cartoon, anime, illustration, unrealistic AI artifacts, distorted hands, duplicate faces, malformed limbs, low quality",breakfast,,low_light,pilot_review,breakfast_sd35_low_light_0002,Qwen pilot variant. 低光困难样本
cafe_qwenplus20260109_low_light_0002,/Volumes/AI作品素材/SnapCopy_ML_Dataset/synthetic_pilot/qwen_plus_20260109_images/cafe/cafe_qwenplus20260109_low_light_0002.jpg,synthetic,dashscope,qwen-image-plus-2026-01-09,"Realistic smartphone lifestyle photo for SnapCopy scene classification. Primary scene: cafe. Visual anchor: a realistic coffee shop moment with coffee cup, small table, warm interior, people nearby but not posed. Quality condition: low light indoor or evening photo, visible but dim, realistic phone noise, not too dark. prioritize natural phone realism and diverse casual details. Shot should look like a real user photo, not stock photography. Use natural imperfections, plausible lighting, and ordinary objects.

Generator: DashScope Qwen image model.
Scene label: cafe.
Quality tags: low_light.
Dataset purpose: lightweight iOS scene classifier training for real-life social caption photos.
Important style rule: ordinary phone camera roll photo, not stock photography, not advertisement.
Keep t…","commercial studio photo, perfect advertising composition, glossy render, 3d render, cartoon, anime, illustration, fake UI, unreadable gibberish text, watermark, logo, distorted hands, extra limbs, duplicate faces, unnatural skin, extreme blur, extreme noise, watermark, logo, text overlay, poster design, commercial studio photo, glossy render, 3d render, cartoon, anime, illustration, unrealistic AI artifacts, distorted hands, duplicate faces, malformed limbs, low quality",cafe,,low_light,pilot_review,cafe_sd35_low_light_0002,Qwen pilot variant. 低光困难样本
walking_qwenplus20260109_low_light_0002,/Volumes/AI作品素材/SnapCopy_ML_Dataset/synthetic_pilot/qwen_plus_20260109_images/walking/walking_qwenplus20260109_low_light_0002.jpg,synthetic,dashscope,qwen-image-plus-2026-01-09,"Realistic smartphone lifestyle photo for SnapCopy scene classification. Primary scene: walking. Visual anchor: a first-person or over-the-shoulder daily walking snapshot with sidewalk, trees, path, shoes or hand details. Quality condition: low light indoor or evening photo, visible but dim, realistic phone noise, not too dark. prioritize natural phone realism and diverse casual details. Shot should look like a real user photo, not stock photography. Use natural imperfections, plausible lighting, and ordinary objects.

Generator: DashScope Qwen image model.
Scene label: walking.
Quality tags: low_light.
Dataset purpose: lightweight iOS scene classifier training for real-life social caption photos.
Important style rule: ordinary phone camera roll photo, not stock photography, not advertisem…","commercial studio photo, perfect advertising composition, glossy render, 3d render, cartoon, anime, illustration, fake UI, unreadable gibberish text, watermark, logo, distorted hands, extra limbs, duplicate faces, unnatural skin, extreme blur, extreme noise, watermark, logo, text overlay, poster design, commercial studio photo, glossy render, 3d render, cartoon, anime, illustration, unrealistic AI artifacts, distorted hands, duplicate faces, malformed limbs, low quality",walking,,low_light,pilot_review,walking_sd35_low_light_0002,Qwen pilot variant. 低光困难样本
street_qwenplus20260109_low_light_0002,/Volumes/AI作品素材/SnapCopy_ML_Dataset/synthetic_pilot/qwen_plus_20260109_images/street/street_qwenplus20260109_low_light_0002.jpg,synthetic,dashscope,qwen-image-plus-2026-01-09,"Realistic smartphone lifestyle photo for SnapCopy scene classification. Primary scene: street. Visual anchor: a city street scene with road, buildings, crosswalks, parked cars, storefronts or urban space as the subject. Quality condition: low light indoor or evening photo, visible but dim, realistic phone noise, not too dark. prioritize natural phone realism and diverse casual details. Shot should look like a real user photo, not stock photography. Use natural imperfections, plausible lighting, and ordinary objects.

Generator: DashScope Qwen image model.
Scene label: street.
Quality tags: low_light.
Dataset purpose: lightweight iOS scene classifier training for real-life social caption photos.
Important style rule: ordinary phone camera roll photo, not stock photography, not advertisemen…","commercial studio photo, perfect advertising composition, glossy render, 3d render, cartoon, anime, illustration, fake UI, unreadable gibberish text, watermark, logo, distorted hands, extra limbs, duplicate faces, unnatural skin, extreme blur, extreme noise, watermark, logo, text overlay, poster design, commercial studio photo, glossy render, 3d render, cartoon, anime, illustration, unrealistic AI artifacts, distorted hands, duplicate faces, malformed limbs, low quality",street,,low_light,pilot_review,street_sd35_low_light_0002,Qwen pilot variant. 低光困难样本
travel_qwenplus20260109_low_light_0002,/Volumes/AI作品素材/SnapCopy_ML_Dataset/synthetic_pilot/qwen_plus_20260109_images/travel/travel_qwenplus20260109_low_light_0002.jpg,synthetic,dashscope,qwen-image-plus-2026-01-09,"Realistic smartphone lifestyle photo for SnapCopy scene classification. Primary scene: travel. Visual anchor: a travel moment with station, airport, hotel room, landmark, scenic overlook, luggage, ticket or tourist viewpoint. Quality condition: low light indoor or evening photo, visible but dim, realistic phone noise, not too dark. prioritize natural phone realism and diverse casual details. Shot should look like a real user photo, not stock photography. Use natural imperfections, plausible lighting, and ordinary objects.

Generator: DashScope Qwen image model.
Scene label: travel.
Quality tags: low_light.
Dataset purpose: lightweight iOS scene classifier training for real-life social caption photos.
Important style rule: ordinary phone camera roll photo, not stock photography, not advert…","commercial studio photo, perfect advertising composition, glossy render, 3d render, cartoon, anime, illustration, fake UI, unreadable gibberish text, watermark, logo, distorted hands, extra limbs, duplicate faces, unnatural skin, extreme blur, extreme noise, watermark, logo, text overlay, poster design, commercial studio photo, glossy render, 3d render, cartoon, anime, illustration, unrealistic AI artifacts, distorted hands, duplicate faces, malformed limbs, low quality",travel,,low_light,pilot_review,travel_sd35_low_light_0002,Qwen pilot variant. 低光困难样本
pet_qwenplus20260109_low_light_0002,/Volumes/AI作品素材/SnapCopy_ML_Dataset/synthetic_pilot/qwen_plus_20260109_images/pet/pet_qwenplus20260109_low_light_0002.jpg,synthetic,dashscope,qwen-image-plus-2026-01-09,"Realistic smartphone lifestyle photo for SnapCopy scene classification. Primary scene: pet. Visual anchor: a cat or dog as the clear subject in a real home or outdoor daily setting. Quality condition: low light indoor or evening photo, visible but dim, realistic phone noise, not too dark. prioritize natural phone realism and diverse casual details. Shot should look like a real user photo, not stock photography. Use natural imperfections, plausible lighting, and ordinary objects.

Generator: DashScope Qwen image model.
Scene label: pet.
Quality tags: low_light.
Dataset purpose: lightweight iOS scene classifier training for real-life social caption photos.
Important style rule: ordinary phone camera roll photo, not stock photography, not advertisement.
Keep the scene clear enough for classi…","commercial studio photo, perfect advertising composition, glossy render, 3d render, cartoon, anime, illustration, fake UI, unreadable gibberish text, watermark, logo, distorted hands, extra limbs, duplicate faces, unnatural skin, extreme blur, extreme noise, watermark, logo, text overlay, poster design, commercial studio photo, glossy render, 3d render, cartoon, anime, illustration, unrealistic AI artifacts, distorted hands, duplicate faces, malformed limbs, low quality",pet,,low_light,pilot_review,pet_sd35_low_light_0002,Qwen pilot variant. 低光困难样本
outfit_qwenplus20260109_low_light_0002,/Volumes/AI作品素材/SnapCopy_ML_Dataset/synthetic_pilot/qwen_plus_20260109_images/outfit/outfit_qwenplus20260109_low_light_0002.jpg,synthetic,dashscope,qwen-image-plus-2026-01-09,"Realistic smartphone lifestyle photo for SnapCopy scene classification. Primary scene: outfit. Visual anchor: a mirror selfie or flat lay outfit photo where clothing and styling are the main subject. Quality condition: low light indoor or evening photo, visible but dim, realistic phone noise, not too dark. prioritize natural phone realism and diverse casual details. Shot should look like a real user photo, not stock photography. Use natural imperfections, plausible lighting, and ordinary objects.

Generator: DashScope Qwen image model.
Scene label: outfit.
Quality tags: low_light.
Dataset purpose: lightweight iOS scene classifier training for real-life social caption photos.
Important style rule: ordinary phone camera roll photo, not stock photography, not advertisement.
Keep the scene cl…","commercial studio photo, perfect advertising composition, glossy render, 3d render, cartoon, anime, illustration, fake UI, unreadable gibberish text, watermark, logo, distorted hands, extra limbs, duplicate faces, unnatural skin, extreme blur, extreme noise, watermark, logo, text overlay, poster design, commercial studio photo, glossy render, 3d render, cartoon, anime, illustration, unrealistic AI artifacts, distorted hands, duplicate faces, malformed limbs, low quality",outfit,,low_light,pilot_review,outfit_sd35_low_light_0002,Qwen pilot variant. 低光困难样本
fitness_qwenplus20260109_low_light_0002,/Volumes/AI作品素材/SnapCopy_ML_Dataset/synthetic_pilot/qwen_plus_20260109_images/fitness/fitness_qwenplus20260109_low_light_0002.jpg,synthetic,dashscope,qwen-image-plus-2026-01-09,"Realistic smartphone lifestyle photo for SnapCopy scene classification. Primary scene: fitness. Visual anchor: a gym, running, yoga, workout gear or exercise record with realistic daily photo composition. Quality condition: low light indoor or evening photo, visible but dim, realistic phone noise, not too dark. prioritize natural phone realism and diverse casual details. Shot should look like a real user photo, not stock photography. Use natural imperfections, plausible lighting, and ordinary objects.

Generator: DashScope Qwen image model.
Scene label: fitness.
Quality tags: low_light.
Dataset purpose: lightweight iOS scene classifier training for real-life social caption photos.
Important style rule: ordinary phone camera roll photo, not stock photography, not advertisement.
Keep the sc…","commercial studio photo, perfect advertising composition, glossy render, 3d render, cartoon, anime, illustration, fake UI, unreadable gibberish text, watermark, logo, distorted hands, extra limbs, duplicate faces, unnatural skin, extreme blur, extreme noise, watermark, logo, text overlay, poster design, commercial studio photo, glossy render, 3d render, cartoon, anime, illustration, unrealistic AI artifacts, distorted hands, duplicate faces, malformed limbs, low quality",fitness,,low_light,pilot_review,fitness_sd35_low_light_0002,Qwen pilot variant. 低光困难样本
sunset_qwenplus20260109_low_light_0002,/Volumes/AI作品素材/SnapCopy_ML_Dataset/synthetic_pilot/qwen_plus_20260109_images/sunset/sunset_qwenplus20260109_low_light_0002.jpg,synthetic,dashscope,qwen-image-plus-2026-01-09,"Realistic smartphone lifestyle photo for SnapCopy scene classification. Primary scene: sunset. Visual anchor: sunset or dusk sky as the main subject, with warm horizon light, clouds, city or water silhouettes. Quality condition: low light indoor or evening photo, visible but dim, realistic phone noise, not too dark. prioritize natural phone realism and diverse casual details. Shot should look like a real user photo, not stock photography. Use natural imperfections, plausible lighting, and ordinary objects.

Generator: DashScope Qwen image model.
Scene label: sunset.
Quality tags: low_light.
Dataset purpose: lightweight iOS scene classifier training for real-life social caption photos.
Important style rule: ordinary phone camera roll photo, not stock photography, not advertisement.
Keep th…","commercial studio photo, perfect advertising composition, glossy render, 3d render, cartoon, anime, illustration, fake UI, unreadable gibberish text, watermark, logo, distorted hands, extra limbs, duplicate faces, unnatural skin, extreme blur, extreme noise, watermark, logo, text overlay, poster design, commercial studio photo, glossy render, 3d render, cartoon, anime, illustration, unrealistic AI artifacts, distorted hands, duplicate faces, malformed limbs, low quality",sunset,,low_light,pilot_review,sunset_sd35_low_light_0002,Qwen pilot variant. 低光困难样本
home_qwenplus20260109_low_light_0002,/Volumes/AI作品素材/SnapCopy_ML_Dataset/synthetic_pilot/qwen_plus_20260109_images/home/home_qwenplus20260109_low_light_0002.jpg,synthetic,dashscope,qwen-image-plus-2026-01-09,"Realistic smartphone lifestyle photo for SnapCopy scene classification. Primary scene: home. Visual anchor: a quiet home corner with sofa, bed, shelf, kitchen sink, table, plants, laundry or daily living objects. Quality condition: low light indoor or evening photo, visible but dim, realistic phone noise, not too dark. prioritize natural phone realism and diverse casual details. Shot should look like a real user photo, not stock photography. Use natural imperfections, plausible lighting, and ordinary objects.

Generator: DashScope Qwen image model.
Scene label: home.
Quality tags: low_light.
Dataset purpose: lightweight iOS scene classifier training for real-life social caption photos.
Important style rule: ordinary phone camera roll photo, not stock photography, not advertisement.
Keep t…","commercial studio photo, perfect advertising composition, glossy render, 3d render, cartoon, anime, illustration, fake UI, unreadable gibberish text, watermark, logo, distorted hands, extra limbs, duplicate faces, unnatural skin, extreme blur, extreme noise, watermark, logo, text overlay, poster design, commercial studio photo, glossy render, 3d render, cartoon, anime, illustration, unrealistic AI artifacts, distorted hands, duplicate faces, malformed limbs, low quality",home,,low_light,pilot_review,home_sd35_low_light_0002,Qwen pilot variant. 低光困难样本
work_qwenplus20260109_low_light_0002,/Volumes/AI作品素材/SnapCopy_ML_Dataset/synthetic_pilot/qwen_plus_20260109_images/work/work_qwenplus20260109_low_light_0002.jpg,synthetic,dashscope,qwen-image-plus-2026-01-09,"Realistic smartphone lifestyle photo for SnapCopy scene classification. Primary scene: work. Visual anchor: a work desk or office setup with laptop, monitor, keyboard, notebook, cables, coffee and realistic clutter. Quality condition: low light indoor or evening photo, visible but dim, realistic phone noise, not too dark. prioritize natural phone realism and diverse casual details. Shot should look like a real user photo, not stock photography. Use natural imperfections, plausible lighting, and ordinary objects.

Generator: DashScope Qwen image model.
Scene label: work.
Quality tags: low_light.
Dataset purpose: lightweight iOS scene classifier training for real-life social caption photos.
Important style rule: ordinary phone camera roll photo, not stock photography, not advertisement.
Kee…","commercial studio photo, perfect advertising composition, glossy render, 3d render, cartoon, anime, illustration, fake UI, unreadable gibberish text, watermark, logo, distorted hands, extra limbs, duplicate faces, unnatural skin, extreme blur, extreme noise, watermark, logo, text overlay, poster design, commercial studio photo, glossy render, 3d render, cartoon, anime, illustration, unrealistic AI artifacts, distorted hands, duplicate faces, malformed limbs, low quality",work,,low_light,pilot_review,work_sd35_low_light_0002,Qwen pilot variant. 低光困难样本
food_qwenplus20260109_low_light_0002,/Volumes/AI作品素材/SnapCopy_ML_Dataset/synthetic_pilot/qwen_plus_20260109_images/food/food_qwenplus20260109_low_light_0002.jpg,synthetic,dashscope,qwen-image-plus-2026-01-09,"Realistic smartphone lifestyle photo for SnapCopy scene classification. Primary scene: food. Visual anchor: a non-breakfast meal, restaurant dish, dinner, dessert or takeout food as the main subject. Quality condition: low light indoor or evening photo, visible but dim, realistic phone noise, not too dark. prioritize natural phone realism and diverse casual details. Shot should look like a real user photo, not stock photography. Use natural imperfections, plausible lighting, and ordinary objects.

Generator: DashScope Qwen image model.
Scene label: food.
Quality tags: low_light.
Dataset purpose: lightweight iOS scene classifier training for real-life social caption photos.
Important style rule: ordinary phone camera roll photo, not stock photography, not advertisement.
Keep the scene clea…","commercial studio photo, perfect advertising composition, glossy render, 3d render, cartoon, anime, illustration, fake UI, unreadable gibberish text, watermark, logo, distorted hands, extra limbs, duplicate faces, unnatural skin, extreme blur, extreme noise, watermark, logo, text overlay, poster design, commercial studio photo, glossy render, 3d render, cartoon, anime, illustration, unrealistic AI artifacts, distorted hands, duplicate faces, malformed limbs, low quality",food,,low_light,pilot_review,food_sd35_low_light_0002,Qwen pilot variant. 低光困难样本
unknown_qwenplus20260109_low_light_0002,/Volumes/AI作品素材/SnapCopy_ML_Dataset/synthetic_pilot/qwen_plus_20260109_images/unknown/unknown_qwenplus20260109_low_light_0002.jpg,synthetic,dashscope,qwen-image-plus-2026-01-09,"Realistic smartphone lifestyle photo for SnapCopy scene classification. Primary scene: unknown. Visual anchor: an ambiguous real phone photo with unclear subject, mixed objects, partial scene, screenshot-like framing or motion blur. Quality condition: low light indoor or evening photo, visible but dim, realistic phone noise, not too dark. prioritize natural phone realism and diverse casual details. Shot should look like a real user photo, not stock photography. Use natural imperfections, plausible lighting, and ordinary objects.

Generator: DashScope Qwen image model.
Scene label: unknown.
Quality tags: low_light.
Dataset purpose: lightweight iOS scene classifier training for real-life social caption photos.
Important style rule: ordinary phone camera roll photo, not stock photography, no…","commercial studio photo, perfect advertising composition, glossy render, 3d render, cartoon, anime, illustration, fake UI, unreadable gibberish text, watermark, logo, distorted hands, extra limbs, duplicate faces, unnatural skin, extreme blur, extreme noise, watermark, logo, text overlay, poster design, commercial studio photo, glossy render, 3d render, cartoon, anime, illustration, unrealistic AI artifacts, distorted hands, duplicate faces, malformed limbs, low quality",unknown,,low_light,pilot_review,unknown_sd35_low_light_0002,Qwen pilot variant. 低光困难样本
breakfast_qwenplus20260109_blurry_compressed_0003,/Volumes/AI作品素材/SnapCopy_ML_Dataset/synthetic_pilot/qwen_plus_20260109_images/breakfast/breakfast_qwenplus20260109_blurry_compressed_0003.jpg,synthetic,dashscope,qwen-image-plus-2026-01-09,"Realistic smartphone lifestyle photo for SnapCopy scene classification. Primary scene: breakfast. Visual anchor: a casual morning breakfast table with eggs, toast, fruit, coffee or tea, ordinary home light. Quality condition: slightly shaky handheld photo, mild motion blur and compression artifacts, still recognizable. prioritize natural phone realism and diverse casual details. Shot should look like a real user photo, not stock photography. Use natural imperfections, plausible lighting, and ordinary objects.

Generator: DashScope Qwen image model.
Scene label: breakfast.
Quality tags: blurry,compressed.
Dataset purpose: lightweight iOS scene classifier training for real-life social caption photos.
Important style rule: ordinary phone camera roll photo, not stock photography, not advertis…","commercial studio photo, perfect advertising composition, glossy render, 3d render, cartoon, anime, illustration, fake UI, unreadable gibberish text, watermark, logo, distorted hands, extra limbs, duplicate faces, unnatural skin, extreme blur, extreme noise, watermark, logo, text overlay, poster design, commercial studio photo, glossy render, 3d render, cartoon, anime, illustration, unrealistic AI artifacts, distorted hands, duplicate faces, malformed limbs, low quality",breakfast,,"blurry,compressed",pilot_review,breakfast_sd35_blurry_compressed_0003,Qwen pilot variant. 轻微手抖和压缩，不要极端糊
cafe_qwenplus20260109_blurry_compressed_0003,/Volumes/AI作品素材/SnapCopy_ML_Dataset/synthetic_pilot/qwen_plus_20260109_images/cafe/cafe_qwenplus20260109_blurry_compressed_0003.jpg,synthetic,dashscope,qwen-image-plus-2026-01-09,"Realistic smartphone lifestyle photo for SnapCopy scene classification. Primary scene: cafe. Visual anchor: a realistic coffee shop moment with coffee cup, small table, warm interior, people nearby but not posed. Quality condition: slightly shaky handheld photo, mild motion blur and compression artifacts, still recognizable. prioritize natural phone realism and diverse casual details. Shot should look like a real user photo, not stock photography. Use natural imperfections, plausible lighting, and ordinary objects.

Generator: DashScope Qwen image model.
Scene label: cafe.
Quality tags: blurry,compressed.
Dataset purpose: lightweight iOS scene classifier training for real-life social caption photos.
Important style rule: ordinary phone camera roll photo, not stock photography, not adverti…","commercial studio photo, perfect advertising composition, glossy render, 3d render, cartoon, anime, illustration, fake UI, unreadable gibberish text, watermark, logo, distorted hands, extra limbs, duplicate faces, unnatural skin, extreme blur, extreme noise, watermark, logo, text overlay, poster design, commercial studio photo, glossy render, 3d render, cartoon, anime, illustration, unrealistic AI artifacts, distorted hands, duplicate faces, malformed limbs, low quality",cafe,,"blurry,compressed",pilot_review,cafe_sd35_blurry_compressed_0003,Qwen pilot variant. 轻微手抖和压缩，不要极端糊
walking_qwenplus20260109_blurry_compressed_0003,/Volumes/AI作品素材/SnapCopy_ML_Dataset/synthetic_pilot/qwen_plus_20260109_images/walking/walking_qwenplus20260109_blurry_compressed_0003.jpg,synthetic,dashscope,qwen-image-plus-2026-01-09,"Realistic smartphone lifestyle photo for SnapCopy scene classification. Primary scene: walking. Visual anchor: a first-person or over-the-shoulder daily walking snapshot with sidewalk, trees, path, shoes or hand details. Quality condition: slightly shaky handheld photo, mild motion blur and compression artifacts, still recognizable. prioritize natural phone realism and diverse casual details. Shot should look like a real user photo, not stock photography. Use natural imperfections, plausible lighting, and ordinary objects.

Generator: DashScope Qwen image model.
Scene label: walking.
Quality tags: blurry,compressed.
Dataset purpose: lightweight iOS scene classifier training for real-life social caption photos.
Important style rule: ordinary phone camera roll photo, not stock photography,…","commercial studio photo, perfect advertising composition, glossy render, 3d render, cartoon, anime, illustration, fake UI, unreadable gibberish text, watermark, logo, distorted hands, extra limbs, duplicate faces, unnatural skin, extreme blur, extreme noise, watermark, logo, text overlay, poster design, commercial studio photo, glossy render, 3d render, cartoon, anime, illustration, unrealistic AI artifacts, distorted hands, duplicate faces, malformed limbs, low quality",walking,,"blurry,compressed",pilot_review,walking_sd35_blurry_compressed_0003,Qwen pilot variant. 轻微手抖和压缩，不要极端糊
street_qwenplus20260109_blurry_compressed_0003,/Volumes/AI作品素材/SnapCopy_ML_Dataset/synthetic_pilot/qwen_plus_20260109_images/street/street_qwenplus20260109_blurry_compressed_0003.jpg,synthetic,dashscope,qwen-image-plus-2026-01-09,"Realistic smartphone lifestyle photo for SnapCopy scene classification. Primary scene: street. Visual anchor: a city street scene with road, buildings, crosswalks, parked cars, storefronts or urban space as the subject. Quality condition: slightly shaky handheld photo, mild motion blur and compression artifacts, still recognizable. prioritize natural phone realism and diverse casual details. Shot should look like a real user photo, not stock photography. Use natural imperfections, plausible lighting, and ordinary objects.

Generator: DashScope Qwen image model.
Scene label: street.
Quality tags: blurry,compressed.
Dataset purpose: lightweight iOS scene classifier training for real-life social caption photos.
Important style rule: ordinary phone camera roll photo, not stock photography, no…","commercial studio photo, perfect advertising composition, glossy render, 3d render, cartoon, anime, illustration, fake UI, unreadable gibberish text, watermark, logo, distorted hands, extra limbs, duplicate faces, unnatural skin, extreme blur, extreme noise, watermark, logo, text overlay, poster design, commercial studio photo, glossy render, 3d render, cartoon, anime, illustration, unrealistic AI artifacts, distorted hands, duplicate faces, malformed limbs, low quality",street,,"blurry,compressed",pilot_review,street_sd35_blurry_compressed_0003,Qwen pilot variant. 轻微手抖和压缩，不要极端糊
travel_qwenplus20260109_blurry_compressed_0003,/Volumes/AI作品素材/SnapCopy_ML_Dataset/synthetic_pilot/qwen_plus_20260109_images/travel/travel_qwenplus20260109_blurry_compressed_0003.jpg,synthetic,dashscope,qwen-image-plus-2026-01-09,"Realistic smartphone lifestyle photo for SnapCopy scene classification. Primary scene: travel. Visual anchor: a travel moment with station, airport, hotel room, landmark, scenic overlook, luggage, ticket or tourist viewpoint. Quality condition: slightly shaky handheld photo, mild motion blur and compression artifacts, still recognizable. prioritize natural phone realism and diverse casual details. Shot should look like a real user photo, not stock photography. Use natural imperfections, plausible lighting, and ordinary objects.

Generator: DashScope Qwen image model.
Scene label: travel.
Quality tags: blurry,compressed.
Dataset purpose: lightweight iOS scene classifier training for real-life social caption photos.
Important style rule: ordinary phone camera roll photo, not stock photograp…","commercial studio photo, perfect advertising composition, glossy render, 3d render, cartoon, anime, illustration, fake UI, unreadable gibberish text, watermark, logo, distorted hands, extra limbs, duplicate faces, unnatural skin, extreme blur, extreme noise, watermark, logo, text overlay, poster design, commercial studio photo, glossy render, 3d render, cartoon, anime, illustration, unrealistic AI artifacts, distorted hands, duplicate faces, malformed limbs, low quality",travel,,"blurry,compressed",pilot_review,travel_sd35_blurry_compressed_0003,Qwen pilot variant. 轻微手抖和压缩，不要极端糊
pet_qwenplus20260109_blurry_compressed_0003,/Volumes/AI作品素材/SnapCopy_ML_Dataset/synthetic_pilot/qwen_plus_20260109_images/pet/pet_qwenplus20260109_blurry_compressed_0003.jpg,synthetic,dashscope,qwen-image-plus-2026-01-09,"Realistic smartphone lifestyle photo for SnapCopy scene classification. Primary scene: pet. Visual anchor: a cat or dog as the clear subject in a real home or outdoor daily setting. Quality condition: slightly shaky handheld photo, mild motion blur and compression artifacts, still recognizable. prioritize natural phone realism and diverse casual details. Shot should look like a real user photo, not stock photography. Use natural imperfections, plausible lighting, and ordinary objects.

Generator: DashScope Qwen image model.
Scene label: pet.
Quality tags: blurry,compressed.
Dataset purpose: lightweight iOS scene classifier training for real-life social caption photos.
Important style rule: ordinary phone camera roll photo, not stock photography, not advertisement.
Keep the scene clear eno…","commercial studio photo, perfect advertising composition, glossy render, 3d render, cartoon, anime, illustration, fake UI, unreadable gibberish text, watermark, logo, distorted hands, extra limbs, duplicate faces, unnatural skin, extreme blur, extreme noise, watermark, logo, text overlay, poster design, commercial studio photo, glossy render, 3d render, cartoon, anime, illustration, unrealistic AI artifacts, distorted hands, duplicate faces, malformed limbs, low quality",pet,,"blurry,compressed",pilot_review,pet_sd35_blurry_compressed_0003,Qwen pilot variant. 轻微手抖和压缩，不要极端糊
outfit_qwenplus20260109_blurry_compressed_0003,/Volumes/AI作品素材/SnapCopy_ML_Dataset/synthetic_pilot/qwen_plus_20260109_images/outfit/outfit_qwenplus20260109_blurry_compressed_0003.jpg,synthetic,dashscope,qwen-image-plus-2026-01-09,"Realistic smartphone lifestyle photo for SnapCopy scene classification. Primary scene: outfit. Visual anchor: a mirror selfie or flat lay outfit photo where clothing and styling are the main subject. Quality condition: slightly shaky handheld photo, mild motion blur and compression artifacts, still recognizable. prioritize natural phone realism and diverse casual details. Shot should look like a real user photo, not stock photography. Use natural imperfections, plausible lighting, and ordinary objects.

Generator: DashScope Qwen image model.
Scene label: outfit.
Quality tags: blurry,compressed.
Dataset purpose: lightweight iOS scene classifier training for real-life social caption photos.
Important style rule: ordinary phone camera roll photo, not stock photography, not advertisement.
Kee…","commercial studio photo, perfect advertising composition, glossy render, 3d render, cartoon, anime, illustration, fake UI, unreadable gibberish text, watermark, logo, distorted hands, extra limbs, duplicate faces, unnatural skin, extreme blur, extreme noise, watermark, logo, text overlay, poster design, commercial studio photo, glossy render, 3d render, cartoon, anime, illustration, unrealistic AI artifacts, distorted hands, duplicate faces, malformed limbs, low quality",outfit,,"blurry,compressed",pilot_review,outfit_sd35_blurry_compressed_0003,Qwen pilot variant. 轻微手抖和压缩，不要极端糊
fitness_qwenplus20260109_blurry_compressed_0003,/Volumes/AI作品素材/SnapCopy_ML_Dataset/synthetic_pilot/qwen_plus_20260109_images/fitness/fitness_qwenplus20260109_blurry_compressed_0003.jpg,synthetic,dashscope,qwen-image-plus-2026-01-09,"Realistic smartphone lifestyle photo for SnapCopy scene classification. Primary scene: fitness. Visual anchor: a gym, running, yoga, workout gear or exercise record with realistic daily photo composition. Quality condition: slightly shaky handheld photo, mild motion blur and compression artifacts, still recognizable. prioritize natural phone realism and diverse casual details. Shot should look like a real user photo, not stock photography. Use natural imperfections, plausible lighting, and ordinary objects.

Generator: DashScope Qwen image model.
Scene label: fitness.
Quality tags: blurry,compressed.
Dataset purpose: lightweight iOS scene classifier training for real-life social caption photos.
Important style rule: ordinary phone camera roll photo, not stock photography, not advertisemen…","commercial studio photo, perfect advertising composition, glossy render, 3d render, cartoon, anime, illustration, fake UI, unreadable gibberish text, watermark, logo, distorted hands, extra limbs, duplicate faces, unnatural skin, extreme blur, extreme noise, watermark, logo, text overlay, poster design, commercial studio photo, glossy render, 3d render, cartoon, anime, illustration, unrealistic AI artifacts, distorted hands, duplicate faces, malformed limbs, low quality",fitness,,"blurry,compressed",pilot_review,fitness_sd35_blurry_compressed_0003,Qwen pilot variant. 轻微手抖和压缩，不要极端糊
sunset_qwenplus20260109_blurry_compressed_0003,/Volumes/AI作品素材/SnapCopy_ML_Dataset/synthetic_pilot/qwen_plus_20260109_images/sunset/sunset_qwenplus20260109_blurry_compressed_0003.jpg,synthetic,dashscope,qwen-image-plus-2026-01-09,"Realistic smartphone lifestyle photo for SnapCopy scene classification. Primary scene: sunset. Visual anchor: sunset or dusk sky as the main subject, with warm horizon light, clouds, city or water silhouettes. Quality condition: slightly shaky handheld photo, mild motion blur and compression artifacts, still recognizable. prioritize natural phone realism and diverse casual details. Shot should look like a real user photo, not stock photography. Use natural imperfections, plausible lighting, and ordinary objects.

Generator: DashScope Qwen image model.
Scene label: sunset.
Quality tags: blurry,compressed.
Dataset purpose: lightweight iOS scene classifier training for real-life social caption photos.
Important style rule: ordinary phone camera roll photo, not stock photography, not advertis…","commercial studio photo, perfect advertising composition, glossy render, 3d render, cartoon, anime, illustration, fake UI, unreadable gibberish text, watermark, logo, distorted hands, extra limbs, duplicate faces, unnatural skin, extreme blur, extreme noise, watermark, logo, text overlay, poster design, commercial studio photo, glossy render, 3d render, cartoon, anime, illustration, unrealistic AI artifacts, distorted hands, duplicate faces, malformed limbs, low quality",sunset,,"blurry,compressed",pilot_review,sunset_sd35_blurry_compressed_0003,Qwen pilot variant. 轻微手抖和压缩，不要极端糊
home_qwenplus20260109_blurry_compressed_0003,/Volumes/AI作品素材/SnapCopy_ML_Dataset/synthetic_pilot/qwen_plus_20260109_images/home/home_qwenplus20260109_blurry_compressed_0003.jpg,synthetic,dashscope,qwen-image-plus-2026-01-09,"Realistic smartphone lifestyle photo for SnapCopy scene classification. Primary scene: home. Visual anchor: a quiet home corner with sofa, bed, shelf, kitchen sink, table, plants, laundry or daily living objects. Quality condition: slightly shaky handheld photo, mild motion blur and compression artifacts, still recognizable. prioritize natural phone realism and diverse casual details. Shot should look like a real user photo, not stock photography. Use natural imperfections, plausible lighting, and ordinary objects.

Generator: DashScope Qwen image model.
Scene label: home.
Quality tags: blurry,compressed.
Dataset purpose: lightweight iOS scene classifier training for real-life social caption photos.
Important style rule: ordinary phone camera roll photo, not stock photography, not adverti…","commercial studio photo, perfect advertising composition, glossy render, 3d render, cartoon, anime, illustration, fake UI, unreadable gibberish text, watermark, logo, distorted hands, extra limbs, duplicate faces, unnatural skin, extreme blur, extreme noise, watermark, logo, text overlay, poster design, commercial studio photo, glossy render, 3d render, cartoon, anime, illustration, unrealistic AI artifacts, distorted hands, duplicate faces, malformed limbs, low quality",home,,"blurry,compressed",pilot_review,home_sd35_blurry_compressed_0003,Qwen pilot variant. 轻微手抖和压缩，不要极端糊
work_qwenplus20260109_blurry_compressed_0003,/Volumes/AI作品素材/SnapCopy_ML_Dataset/synthetic_pilot/qwen_plus_20260109_images/work/work_qwenplus20260109_blurry_compressed_0003.jpg,synthetic,dashscope,qwen-image-plus-2026-01-09,"Realistic smartphone lifestyle photo for SnapCopy scene classification. Primary scene: work. Visual anchor: a work desk or office setup with laptop, monitor, keyboard, notebook, cables, coffee and realistic clutter. Quality condition: slightly shaky handheld photo, mild motion blur and compression artifacts, still recognizable. prioritize natural phone realism and diverse casual details. Shot should look like a real user photo, not stock photography. Use natural imperfections, plausible lighting, and ordinary objects.

Generator: DashScope Qwen image model.
Scene label: work.
Quality tags: blurry,compressed.
Dataset purpose: lightweight iOS scene classifier training for real-life social caption photos.
Important style rule: ordinary phone camera roll photo, not stock photography, not adve…","commercial studio photo, perfect advertising composition, glossy render, 3d render, cartoon, anime, illustration, fake UI, unreadable gibberish text, watermark, logo, distorted hands, extra limbs, duplicate faces, unnatural skin, extreme blur, extreme noise, watermark, logo, text overlay, poster design, commercial studio photo, glossy render, 3d render, cartoon, anime, illustration, unrealistic AI artifacts, distorted hands, duplicate faces, malformed limbs, low quality",work,,"blurry,compressed",pilot_review,work_sd35_blurry_compressed_0003,Qwen pilot variant. 轻微手抖和压缩，不要极端糊
food_qwenplus20260109_blurry_compressed_0003,/Volumes/AI作品素材/SnapCopy_ML_Dataset/synthetic_pilot/qwen_plus_20260109_images/food/food_qwenplus20260109_blurry_compressed_0003.jpg,synthetic,dashscope,qwen-image-plus-2026-01-09,"Realistic smartphone lifestyle photo for SnapCopy scene classification. Primary scene: food. Visual anchor: a non-breakfast meal, restaurant dish, dinner, dessert or takeout food as the main subject. Quality condition: slightly shaky handheld photo, mild motion blur and compression artifacts, still recognizable. prioritize natural phone realism and diverse casual details. Shot should look like a real user photo, not stock photography. Use natural imperfections, plausible lighting, and ordinary objects.

Generator: DashScope Qwen image model.
Scene label: food.
Quality tags: blurry,compressed.
Dataset purpose: lightweight iOS scene classifier training for real-life social caption photos.
Important style rule: ordinary phone camera roll photo, not stock photography, not advertisement.
Keep…","commercial studio photo, perfect advertising composition, glossy render, 3d render, cartoon, anime, illustration, fake UI, unreadable gibberish text, watermark, logo, distorted hands, extra limbs, duplicate faces, unnatural skin, extreme blur, extreme noise, watermark, logo, text overlay, poster design, commercial studio photo, glossy render, 3d render, cartoon, anime, illustration, unrealistic AI artifacts, distorted hands, duplicate faces, malformed limbs, low quality",food,,"blurry,compressed",pilot_review,food_sd35_blurry_compressed_0003,Qwen pilot variant. 轻微手抖和压缩，不要极端糊
unknown_qwenplus20260109_blurry_compressed_0003,/Volumes/AI作品素材/SnapCopy_ML_Dataset/synthetic_pilot/qwen_plus_20260109_images/unknown/unknown_qwenplus20260109_blurry_compressed_0003.jpg,synthetic,dashscope,qwen-image-plus-2026-01-09,"Realistic smartphone lifestyle photo for SnapCopy scene classification. Primary scene: unknown. Visual anchor: an ambiguous real phone photo with unclear subject, mixed objects, partial scene, screenshot-like framing or motion blur. Quality condition: slightly shaky handheld photo, mild motion blur and compression artifacts, still recognizable. prioritize natural phone realism and diverse casual details. Shot should look like a real user photo, not stock photography. Use natural imperfections, plausible lighting, and ordinary objects.

Generator: DashScope Qwen image model.
Scene label: unknown.
Quality tags: blurry,compressed.
Dataset purpose: lightweight iOS scene classifier training for real-life social caption photos.
Important style rule: ordinary phone camera roll photo, not stock p…","commercial studio photo, perfect advertising composition, glossy render, 3d render, cartoon, anime, illustration, fake UI, unreadable gibberish text, watermark, logo, distorted hands, extra limbs, duplicate faces, unnatural skin, extreme blur, extreme noise, watermark, logo, text overlay, poster design, commercial studio photo, glossy render, 3d render, cartoon, anime, illustration, unrealistic AI artifacts, distorted hands, duplicate faces, malformed limbs, low quality",unknown,,"blurry,compressed",pilot_review,unknown_sd35_blurry_compressed_0003,Qwen pilot variant. 轻微手抖和压缩，不要极端糊
breakfast_qwenplus20260109_cluttered_0004,/Volumes/AI作品素材/SnapCopy_ML_Dataset/synthetic_pilot/qwen_plus_20260109_images/breakfast/breakfast_qwenplus20260109_cluttered_0004.jpg,synthetic,dashscope,qwen-image-plus-2026-01-09,"Realistic smartphone lifestyle photo for SnapCopy scene classification. Primary scene: breakfast. Visual anchor: a casual morning breakfast table with eggs, toast, fruit, coffee or tea, ordinary home light. Quality condition: messy real-life background, extra objects and visual clutter, still understandable. prioritize natural phone realism and diverse casual details. Shot should look like a real user photo, not stock photography. Use natural imperfections, plausible lighting, and ordinary objects.

Generator: DashScope Qwen image model.
Scene label: breakfast.
Quality tags: cluttered.
Dataset purpose: lightweight iOS scene classifier training for real-life social caption photos.
Important style rule: ordinary phone camera roll photo, not stock photography, not advertisement.
Keep the sce…","commercial studio photo, perfect advertising composition, glossy render, 3d render, cartoon, anime, illustration, fake UI, unreadable gibberish text, watermark, logo, distorted hands, extra limbs, duplicate faces, unnatural skin, extreme blur, extreme noise, watermark, logo, text overlay, poster design, commercial studio photo, glossy render, 3d render, cartoon, anime, illustration, unrealistic AI artifacts, distorted hands, duplicate faces, malformed limbs, low quality",breakfast,,cluttered,pilot_review,breakfast_sd35_cluttered_0004,Qwen pilot variant. 杂物背景，保留主体
cafe_qwenplus20260109_cluttered_0004,/Volumes/AI作品素材/SnapCopy_ML_Dataset/synthetic_pilot/qwen_plus_20260109_images/cafe/cafe_qwenplus20260109_cluttered_0004.jpg,synthetic,dashscope,qwen-image-plus-2026-01-09,"Realistic smartphone lifestyle photo for SnapCopy scene classification. Primary scene: cafe. Visual anchor: a realistic coffee shop moment with coffee cup, small table, warm interior, people nearby but not posed. Quality condition: messy real-life background, extra objects and visual clutter, still understandable. prioritize natural phone realism and diverse casual details. Shot should look like a real user photo, not stock photography. Use natural imperfections, plausible lighting, and ordinary objects.

Generator: DashScope Qwen image model.
Scene label: cafe.
Quality tags: cluttered.
Dataset purpose: lightweight iOS scene classifier training for real-life social caption photos.
Important style rule: ordinary phone camera roll photo, not stock photography, not advertisement.
Keep the sc…","commercial studio photo, perfect advertising composition, glossy render, 3d render, cartoon, anime, illustration, fake UI, unreadable gibberish text, watermark, logo, distorted hands, extra limbs, duplicate faces, unnatural skin, extreme blur, extreme noise, watermark, logo, text overlay, poster design, commercial studio photo, glossy render, 3d render, cartoon, anime, illustration, unrealistic AI artifacts, distorted hands, duplicate faces, malformed limbs, low quality",cafe,,cluttered,pilot_review,cafe_sd35_cluttered_0004,Qwen pilot variant. 杂物背景，保留主体
walking_qwenplus20260109_cluttered_0004,/Volumes/AI作品素材/SnapCopy_ML_Dataset/synthetic_pilot/qwen_plus_20260109_images/walking/walking_qwenplus20260109_cluttered_0004.jpg,synthetic,dashscope,qwen-image-plus-2026-01-09,"Realistic smartphone lifestyle photo for SnapCopy scene classification. Primary scene: walking. Visual anchor: a first-person or over-the-shoulder daily walking snapshot with sidewalk, trees, path, shoes or hand details. Quality condition: messy real-life background, extra objects and visual clutter, still understandable. prioritize natural phone realism and diverse casual details. Shot should look like a real user photo, not stock photography. Use natural imperfections, plausible lighting, and ordinary objects.

Generator: DashScope Qwen image model.
Scene label: walking.
Quality tags: cluttered.
Dataset purpose: lightweight iOS scene classifier training for real-life social caption photos.
Important style rule: ordinary phone camera roll photo, not stock photography, not advertisement.…","commercial studio photo, perfect advertising composition, glossy render, 3d render, cartoon, anime, illustration, fake UI, unreadable gibberish text, watermark, logo, distorted hands, extra limbs, duplicate faces, unnatural skin, extreme blur, extreme noise, watermark, logo, text overlay, poster design, commercial studio photo, glossy render, 3d render, cartoon, anime, illustration, unrealistic AI artifacts, distorted hands, duplicate faces, malformed limbs, low quality",walking,,cluttered,pilot_review,walking_sd35_cluttered_0004,Qwen pilot variant. 杂物背景，保留主体
street_qwenplus20260109_cluttered_0004,/Volumes/AI作品素材/SnapCopy_ML_Dataset/synthetic_pilot/qwen_plus_20260109_images/street/street_qwenplus20260109_cluttered_0004.jpg,synthetic,dashscope,qwen-image-plus-2026-01-09,"Realistic smartphone lifestyle photo for SnapCopy scene classification. Primary scene: street. Visual anchor: a city street scene with road, buildings, crosswalks, parked cars, storefronts or urban space as the subject. Quality condition: messy real-life background, extra objects and visual clutter, still understandable. prioritize natural phone realism and diverse casual details. Shot should look like a real user photo, not stock photography. Use natural imperfections, plausible lighting, and ordinary objects.

Generator: DashScope Qwen image model.
Scene label: street.
Quality tags: cluttered.
Dataset purpose: lightweight iOS scene classifier training for real-life social caption photos.
Important style rule: ordinary phone camera roll photo, not stock photography, not advertisement.
Ke…","commercial studio photo, perfect advertising composition, glossy render, 3d render, cartoon, anime, illustration, fake UI, unreadable gibberish text, watermark, logo, distorted hands, extra limbs, duplicate faces, unnatural skin, extreme blur, extreme noise, watermark, logo, text overlay, poster design, commercial studio photo, glossy render, 3d render, cartoon, anime, illustration, unrealistic AI artifacts, distorted hands, duplicate faces, malformed limbs, low quality",street,,cluttered,pilot_review,street_sd35_cluttered_0004,Qwen pilot variant. 杂物背景，保留主体
travel_qwenplus20260109_cluttered_0004,/Volumes/AI作品素材/SnapCopy_ML_Dataset/synthetic_pilot/qwen_plus_20260109_images/travel/travel_qwenplus20260109_cluttered_0004.jpg,synthetic,dashscope,qwen-image-plus-2026-01-09,"Realistic smartphone lifestyle photo for SnapCopy scene classification. Primary scene: travel. Visual anchor: a travel moment with station, airport, hotel room, landmark, scenic overlook, luggage, ticket or tourist viewpoint. Quality condition: messy real-life background, extra objects and visual clutter, still understandable. prioritize natural phone realism and diverse casual details. Shot should look like a real user photo, not stock photography. Use natural imperfections, plausible lighting, and ordinary objects.

Generator: DashScope Qwen image model.
Scene label: travel.
Quality tags: cluttered.
Dataset purpose: lightweight iOS scene classifier training for real-life social caption photos.
Important style rule: ordinary phone camera roll photo, not stock photography, not advertiseme…","commercial studio photo, perfect advertising composition, glossy render, 3d render, cartoon, anime, illustration, fake UI, unreadable gibberish text, watermark, logo, distorted hands, extra limbs, duplicate faces, unnatural skin, extreme blur, extreme noise, watermark, logo, text overlay, poster design, commercial studio photo, glossy render, 3d render, cartoon, anime, illustration, unrealistic AI artifacts, distorted hands, duplicate faces, malformed limbs, low quality",travel,,cluttered,pilot_review,travel_sd35_cluttered_0004,Qwen pilot variant. 杂物背景，保留主体
pet_qwenplus20260109_cluttered_0004,/Volumes/AI作品素材/SnapCopy_ML_Dataset/synthetic_pilot/qwen_plus_20260109_images/pet/pet_qwenplus20260109_cluttered_0004.jpg,synthetic,dashscope,qwen-image-plus-2026-01-09,"Realistic smartphone lifestyle photo for SnapCopy scene classification. Primary scene: pet. Visual anchor: a cat or dog as the clear subject in a real home or outdoor daily setting. Quality condition: messy real-life background, extra objects and visual clutter, still understandable. prioritize natural phone realism and diverse casual details. Shot should look like a real user photo, not stock photography. Use natural imperfections, plausible lighting, and ordinary objects.

Generator: DashScope Qwen image model.
Scene label: pet.
Quality tags: cluttered.
Dataset purpose: lightweight iOS scene classifier training for real-life social caption photos.
Important style rule: ordinary phone camera roll photo, not stock photography, not advertisement.
Keep the scene clear enough for classificat…","commercial studio photo, perfect advertising composition, glossy render, 3d render, cartoon, anime, illustration, fake UI, unreadable gibberish text, watermark, logo, distorted hands, extra limbs, duplicate faces, unnatural skin, extreme blur, extreme noise, watermark, logo, text overlay, poster design, commercial studio photo, glossy render, 3d render, cartoon, anime, illustration, unrealistic AI artifacts, distorted hands, duplicate faces, malformed limbs, low quality",pet,,cluttered,pilot_review,pet_sd35_cluttered_0004,Qwen pilot variant. 杂物背景，保留主体
outfit_qwenplus20260109_cluttered_0004,/Volumes/AI作品素材/SnapCopy_ML_Dataset/synthetic_pilot/qwen_plus_20260109_images/outfit/outfit_qwenplus20260109_cluttered_0004.jpg,synthetic,dashscope,qwen-image-plus-2026-01-09,"Realistic smartphone lifestyle photo for SnapCopy scene classification. Primary scene: outfit. Visual anchor: a mirror selfie or flat lay outfit photo where clothing and styling are the main subject. Quality condition: messy real-life background, extra objects and visual clutter, still understandable. prioritize natural phone realism and diverse casual details. Shot should look like a real user photo, not stock photography. Use natural imperfections, plausible lighting, and ordinary objects.

Generator: DashScope Qwen image model.
Scene label: outfit.
Quality tags: cluttered.
Dataset purpose: lightweight iOS scene classifier training for real-life social caption photos.
Important style rule: ordinary phone camera roll photo, not stock photography, not advertisement.
Keep the scene clear e…","commercial studio photo, perfect advertising composition, glossy render, 3d render, cartoon, anime, illustration, fake UI, unreadable gibberish text, watermark, logo, distorted hands, extra limbs, duplicate faces, unnatural skin, extreme blur, extreme noise, watermark, logo, text overlay, poster design, commercial studio photo, glossy render, 3d render, cartoon, anime, illustration, unrealistic AI artifacts, distorted hands, duplicate faces, malformed limbs, low quality",outfit,,cluttered,pilot_review,outfit_sd35_cluttered_0004,Qwen pilot variant. 杂物背景，保留主体
fitness_qwenplus20260109_cluttered_0004,/Volumes/AI作品素材/SnapCopy_ML_Dataset/synthetic_pilot/qwen_plus_20260109_images/fitness/fitness_qwenplus20260109_cluttered_0004.jpg,synthetic,dashscope,qwen-image-plus-2026-01-09,"Realistic smartphone lifestyle photo for SnapCopy scene classification. Primary scene: fitness. Visual anchor: a gym, running, yoga, workout gear or exercise record with realistic daily photo composition. Quality condition: messy real-life background, extra objects and visual clutter, still understandable. prioritize natural phone realism and diverse casual details. Shot should look like a real user photo, not stock photography. Use natural imperfections, plausible lighting, and ordinary objects.

Generator: DashScope Qwen image model.
Scene label: fitness.
Quality tags: cluttered.
Dataset purpose: lightweight iOS scene classifier training for real-life social caption photos.
Important style rule: ordinary phone camera roll photo, not stock photography, not advertisement.
Keep the scene c…","commercial studio photo, perfect advertising composition, glossy render, 3d render, cartoon, anime, illustration, fake UI, unreadable gibberish text, watermark, logo, distorted hands, extra limbs, duplicate faces, unnatural skin, extreme blur, extreme noise, watermark, logo, text overlay, poster design, commercial studio photo, glossy render, 3d render, cartoon, anime, illustration, unrealistic AI artifacts, distorted hands, duplicate faces, malformed limbs, low quality",fitness,,cluttered,pilot_review,fitness_sd35_cluttered_0004,Qwen pilot variant. 杂物背景，保留主体
sunset_qwenplus20260109_cluttered_0004,/Volumes/AI作品素材/SnapCopy_ML_Dataset/synthetic_pilot/qwen_plus_20260109_images/sunset/sunset_qwenplus20260109_cluttered_0004.jpg,synthetic,dashscope,qwen-image-plus-2026-01-09,"Realistic smartphone lifestyle photo for SnapCopy scene classification. Primary scene: sunset. Visual anchor: sunset or dusk sky as the main subject, with warm horizon light, clouds, city or water silhouettes. Quality condition: messy real-life background, extra objects and visual clutter, still understandable. prioritize natural phone realism and diverse casual details. Shot should look like a real user photo, not stock photography. Use natural imperfections, plausible lighting, and ordinary objects.

Generator: DashScope Qwen image model.
Scene label: sunset.
Quality tags: cluttered.
Dataset purpose: lightweight iOS scene classifier training for real-life social caption photos.
Important style rule: ordinary phone camera roll photo, not stock photography, not advertisement.
Keep the sce…","commercial studio photo, perfect advertising composition, glossy render, 3d render, cartoon, anime, illustration, fake UI, unreadable gibberish text, watermark, logo, distorted hands, extra limbs, duplicate faces, unnatural skin, extreme blur, extreme noise, watermark, logo, text overlay, poster design, commercial studio photo, glossy render, 3d render, cartoon, anime, illustration, unrealistic AI artifacts, distorted hands, duplicate faces, malformed limbs, low quality",sunset,,cluttered,pilot_review,sunset_sd35_cluttered_0004,Qwen pilot variant. 杂物背景，保留主体
home_qwenplus20260109_cluttered_0004,/Volumes/AI作品素材/SnapCopy_ML_Dataset/synthetic_pilot/qwen_plus_20260109_images/home/home_qwenplus20260109_cluttered_0004.jpg,synthetic,dashscope,qwen-image-plus-2026-01-09,"Realistic smartphone lifestyle photo for SnapCopy scene classification. Primary scene: home. Visual anchor: a quiet home corner with sofa, bed, shelf, kitchen sink, table, plants, laundry or daily living objects. Quality condition: messy real-life background, extra objects and visual clutter, still understandable. prioritize natural phone realism and diverse casual details. Shot should look like a real user photo, not stock photography. Use natural imperfections, plausible lighting, and ordinary objects.

Generator: DashScope Qwen image model.
Scene label: home.
Quality tags: cluttered.
Dataset purpose: lightweight iOS scene classifier training for real-life social caption photos.
Important style rule: ordinary phone camera roll photo, not stock photography, not advertisement.
Keep the sc…","commercial studio photo, perfect advertising composition, glossy render, 3d render, cartoon, anime, illustration, fake UI, unreadable gibberish text, watermark, logo, distorted hands, extra limbs, duplicate faces, unnatural skin, extreme blur, extreme noise, watermark, logo, text overlay, poster design, commercial studio photo, glossy render, 3d render, cartoon, anime, illustration, unrealistic AI artifacts, distorted hands, duplicate faces, malformed limbs, low quality",home,,cluttered,pilot_review,home_sd35_cluttered_0004,Qwen pilot variant. 杂物背景，保留主体
work_qwenplus20260109_cluttered_0004,/Volumes/AI作品素材/SnapCopy_ML_Dataset/synthetic_pilot/qwen_plus_20260109_images/work/work_qwenplus20260109_cluttered_0004.jpg,synthetic,dashscope,qwen-image-plus-2026-01-09,"Realistic smartphone lifestyle photo for SnapCopy scene classification. Primary scene: work. Visual anchor: a work desk or office setup with laptop, monitor, keyboard, notebook, cables, coffee and realistic clutter. Quality condition: messy real-life background, extra objects and visual clutter, still understandable. prioritize natural phone realism and diverse casual details. Shot should look like a real user photo, not stock photography. Use natural imperfections, plausible lighting, and ordinary objects.

Generator: DashScope Qwen image model.
Scene label: work.
Quality tags: cluttered.
Dataset purpose: lightweight iOS scene classifier training for real-life social caption photos.
Important style rule: ordinary phone camera roll photo, not stock photography, not advertisement.
Keep the…","commercial studio photo, perfect advertising composition, glossy render, 3d render, cartoon, anime, illustration, fake UI, unreadable gibberish text, watermark, logo, distorted hands, extra limbs, duplicate faces, unnatural skin, extreme blur, extreme noise, watermark, logo, text overlay, poster design, commercial studio photo, glossy render, 3d render, cartoon, anime, illustration, unrealistic AI artifacts, distorted hands, duplicate faces, malformed limbs, low quality",work,,cluttered,pilot_review,work_sd35_cluttered_0004,Qwen pilot variant. 杂物背景，保留主体
food_qwenplus20260109_cluttered_0004,/Volumes/AI作品素材/SnapCopy_ML_Dataset/synthetic_pilot/qwen_plus_20260109_images/food/food_qwenplus20260109_cluttered_0004.jpg,synthetic,dashscope,qwen-image-plus-2026-01-09,"Realistic smartphone lifestyle photo for SnapCopy scene classification. Primary scene: food. Visual anchor: a non-breakfast meal, restaurant dish, dinner, dessert or takeout food as the main subject. Quality condition: messy real-life background, extra objects and visual clutter, still understandable. prioritize natural phone realism and diverse casual details. Shot should look like a real user photo, not stock photography. Use natural imperfections, plausible lighting, and ordinary objects.

Generator: DashScope Qwen image model.
Scene label: food.
Quality tags: cluttered.
Dataset purpose: lightweight iOS scene classifier training for real-life social caption photos.
Important style rule: ordinary phone camera roll photo, not stock photography, not advertisement.
Keep the scene clear eno…","commercial studio photo, perfect advertising composition, glossy render, 3d render, cartoon, anime, illustration, fake UI, unreadable gibberish text, watermark, logo, distorted hands, extra limbs, duplicate faces, unnatural skin, extreme blur, extreme noise, watermark, logo, text overlay, poster design, commercial studio photo, glossy render, 3d render, cartoon, anime, illustration, unrealistic AI artifacts, distorted hands, duplicate faces, malformed limbs, low quality",food,,cluttered,pilot_review,food_sd35_cluttered_0004,Qwen pilot variant. 杂物背景，保留主体
unknown_qwenplus20260109_cluttered_0004,/Volumes/AI作品素材/SnapCopy_ML_Dataset/synthetic_pilot/qwen_plus_20260109_images/unknown/unknown_qwenplus20260109_cluttered_0004.jpg,synthetic,dashscope,qwen-image-plus-2026-01-09,"Realistic smartphone lifestyle photo for SnapCopy scene classification. Primary scene: unknown. Visual anchor: an ambiguous real phone photo with unclear subject, mixed objects, partial scene, screenshot-like framing or motion blur. Quality condition: messy real-life background, extra objects and visual clutter, still understandable. prioritize natural phone realism and diverse casual details. Shot should look like a real user photo, not stock photography. Use natural imperfections, plausible lighting, and ordinary objects.

Generator: DashScope Qwen image model.
Scene label: unknown.
Quality tags: cluttered.
Dataset purpose: lightweight iOS scene classifier training for real-life social caption photos.
Important style rule: ordinary phone camera roll photo, not stock photography, not adv…","commercial studio photo, perfect advertising composition, glossy render, 3d render, cartoon, anime, illustration, fake UI, unreadable gibberish text, watermark, logo, distorted hands, extra limbs, duplicate faces, unnatural skin, extreme blur, extreme noise, watermark, logo, text overlay, poster design, commercial studio photo, glossy render, 3d render, cartoon, anime, illustration, unrealistic AI artifacts, distorted hands, duplicate faces, malformed limbs, low quality",unknown,,cluttered,pilot_review,unknown_sd35_cluttered_0004,Qwen pilot variant. 杂物背景，保留主体
breakfast_qwenplus20260109_weird_angle_0005,/Volumes/AI作品素材/SnapCopy_ML_Dataset/synthetic_pilot/qwen_plus_20260109_images/breakfast/breakfast_qwenplus20260109_weird_angle_0005.jpg,synthetic,dashscope,qwen-image-plus-2026-01-09,"Realistic smartphone lifestyle photo for SnapCopy scene classification. Primary scene: breakfast. Visual anchor: a casual morning breakfast table with eggs, toast, fruit, coffee or tea, ordinary home light. Quality condition: awkward tilted or top-down smartphone angle, casual composition, not a studio shot. prioritize natural phone realism and diverse casual details. Shot should look like a real user photo, not stock photography. Use natural imperfections, plausible lighting, and ordinary objects.

Generator: DashScope Qwen image model.
Scene label: breakfast.
Quality tags: weird_angle.
Dataset purpose: lightweight iOS scene classifier training for real-life social caption photos.
Important style rule: ordinary phone camera roll photo, not stock photography, not advertisement.
Keep the s…","commercial studio photo, perfect advertising composition, glossy render, 3d render, cartoon, anime, illustration, fake UI, unreadable gibberish text, watermark, logo, distorted hands, extra limbs, duplicate faces, unnatural skin, extreme blur, extreme noise, watermark, logo, text overlay, poster design, commercial studio photo, glossy render, 3d render, cartoon, anime, illustration, unrealistic AI artifacts, distorted hands, duplicate faces, malformed limbs, low quality",breakfast,,weird_angle,pilot_review,breakfast_sd35_weird_angle_0005,Qwen pilot variant. 奇怪角度，模拟随手拍
cafe_qwenplus20260109_weird_angle_0005,/Volumes/AI作品素材/SnapCopy_ML_Dataset/synthetic_pilot/qwen_plus_20260109_images/cafe/cafe_qwenplus20260109_weird_angle_0005.jpg,synthetic,dashscope,qwen-image-plus-2026-01-09,"Realistic smartphone lifestyle photo for SnapCopy scene classification. Primary scene: cafe. Visual anchor: a realistic coffee shop moment with coffee cup, small table, warm interior, people nearby but not posed. Quality condition: awkward tilted or top-down smartphone angle, casual composition, not a studio shot. prioritize natural phone realism and diverse casual details. Shot should look like a real user photo, not stock photography. Use natural imperfections, plausible lighting, and ordinary objects.

Generator: DashScope Qwen image model.
Scene label: cafe.
Quality tags: weird_angle.
Dataset purpose: lightweight iOS scene classifier training for real-life social caption photos.
Important style rule: ordinary phone camera roll photo, not stock photography, not advertisement.
Keep the…","commercial studio photo, perfect advertising composition, glossy render, 3d render, cartoon, anime, illustration, fake UI, unreadable gibberish text, watermark, logo, distorted hands, extra limbs, duplicate faces, unnatural skin, extreme blur, extreme noise, watermark, logo, text overlay, poster design, commercial studio photo, glossy render, 3d render, cartoon, anime, illustration, unrealistic AI artifacts, distorted hands, duplicate faces, malformed limbs, low quality",cafe,,weird_angle,pilot_review,cafe_sd35_weird_angle_0005,Qwen pilot variant. 奇怪角度，模拟随手拍
walking_qwenplus20260109_weird_angle_0005,/Volumes/AI作品素材/SnapCopy_ML_Dataset/synthetic_pilot/qwen_plus_20260109_images/walking/walking_qwenplus20260109_weird_angle_0005.jpg,synthetic,dashscope,qwen-image-plus-2026-01-09,"Realistic smartphone lifestyle photo for SnapCopy scene classification. Primary scene: walking. Visual anchor: a first-person or over-the-shoulder daily walking snapshot with sidewalk, trees, path, shoes or hand details. Quality condition: awkward tilted or top-down smartphone angle, casual composition, not a studio shot. prioritize natural phone realism and diverse casual details. Shot should look like a real user photo, not stock photography. Use natural imperfections, plausible lighting, and ordinary objects.

Generator: DashScope Qwen image model.
Scene label: walking.
Quality tags: weird_angle.
Dataset purpose: lightweight iOS scene classifier training for real-life social caption photos.
Important style rule: ordinary phone camera roll photo, not stock photography, not advertisement…","commercial studio photo, perfect advertising composition, glossy render, 3d render, cartoon, anime, illustration, fake UI, unreadable gibberish text, watermark, logo, distorted hands, extra limbs, duplicate faces, unnatural skin, extreme blur, extreme noise, watermark, logo, text overlay, poster design, commercial studio photo, glossy render, 3d render, cartoon, anime, illustration, unrealistic AI artifacts, distorted hands, duplicate faces, malformed limbs, low quality",walking,,weird_angle,pilot_review,walking_sd35_weird_angle_0005,Qwen pilot variant. 奇怪角度，模拟随手拍
